Date,Portfolio
2019-01-03,-0.030041037587947843
2019-01-04,0.027890640222459684
2019-01-07,0.00180544436512918
2019-01-08,0.0109312125963539
2019-01-09,0.0018768605526121999
2019-01-10,0.0009549976982442796
2019-01-11,-0.0040269116024353796
2019-01-14,-0.00323053091198798
2019-01-15,0.01009327092731356
2019-01-16,0.0021395379065051604
2019-01-17,0.005824808374303381
2019-01-18,0.01138721483782072
2019-01-22,-0.014042048881668141
2019-01-23,0.00116520170826916
2019-01-24,-0.004645480410123541
2019-01-25,0.007790990795349562
2019-01-28,-0.0008085568533010797
2019-01-29,0.00059979275722528
2019-01-30,0.014369674462299038
2019-01-31,0.0067968035822363005
2019-02-01,0.00560734024373126
2019-02-04,0.0034674408370401
2019-02-05,0.006349321583771141
2019-02-06,-0.0006362515882705
2019-02-07,-0.0071002890553677
2019-02-08,-0.0032803719757102203
2019-02-11,-0.0010797399186697602
2019-02-12,0.013515716922442881
2019-02-13,0.00481175571936146
2019-02-14,0.00045745150421358006
2019-02-15,0.015509863307252979
2019-02-19,0.00464427441594734
2019-02-20,-0.0005436243754189796
2019-02-21,-0.00569747088175234
2019-02-22,0.0049486413352597
2019-02-25,0.003629181841391861
2019-02-26,-0.0020041934578744797
2019-02-27,0.0009040062383243801
2019-02-28,-0.0016687417572331
2019-03-01,0.005052539896425541
2019-03-04,0.0013457334185615801
2019-03-05,0.0006039297523679799
2019-03-06,-0.0038710127262164004
2019-03-07,-0.0044120626240722206
2019-03-08,-0.0022893846133486603
2019-03-11,0.01402753528502608
2019-03-12,0.00287606124474818
2019-03-13,0.005004442090827
2019-03-14,0.0008118475018734601
2019-03-15,0.0039766482508336596
2019-03-18,0.007458375137749681
2019-03-19,-0.0005977180002071998
2019-03-20,-0.005493952059328601
2019-03-21,0.00739626454970146
2019-03-22,-0.01668969164124164
2019-03-25,-0.006135897989266
2019-03-26,0.00571273351947434
2019-03-27,-0.00248361408931894
2019-03-28,0.00362551666551478
2019-03-29,0.0046190582521827
2019-04-01,0.00983299887766522
2019-04-02,-0.0006202818010000002
2019-04-03,0.00032231914779019995
2019-04-04,0.00468367796118408
2019-04-05,0.004305317211535081
2019-04-08,0.005780015808746321
2019-04-09,-0.0065801108708933
2019-04-10,0.0029748266741049523
2019-04-11,0.0028450118082603408
2019-04-12,0.009428633138706139
2019-04-15,-8.181045095508011e-05
2019-04-16,0.0066680351223156
2019-04-17,0.011393146435612558
2019-04-18,-0.0028928843340072
2019-04-22,0.0041481335353785
2019-04-23,0.00866044223964574
2019-04-24,-0.00463651764266792
2019-04-25,4.3202304451648134e-05
2019-04-26,-0.00643394876375436
2019-04-29,0.0011697545905729797
2019-04-30,0.00126919900774586
2019-05-01,0.00245646830742756
2019-05-02,-0.00573404476353424
2019-05-03,0.007054672108675301
2019-05-06,-0.0048830269016473995
2019-05-07,-0.01497002040880864
2019-05-08,-0.0029392387383607205
2019-05-09,-0.00446847129251024
2019-05-10,0.004173953255451109
2019-05-13,-0.02590905359219372
2019-05-14,0.00526683652342672
2019-05-15,0.0024257255322946403
2019-05-16,0.00642236573560494
2019-05-17,-0.0035948312702916803
2019-05-20,-0.00419841995138866
2019-05-21,0.004217522148773901
2019-05-22,-0.004410992690240861
2019-05-23,-0.01127249770519058
2019-05-24,0.003646654889104582
2019-05-28,-0.0100687482436986
2019-05-29,-0.01170735217606698
2019-05-30,-0.00030811715099222003
2019-05-31,-0.0119339843223605
2019-06-03,0.00352607529387868
2019-06-04,0.022898023193166223
2019-06-05,0.0068809460541608995
2019-06-06,0.01176173731608598
2019-06-07,0.008401425264379182
2019-06-10,0.009034224592655
2019-06-11,0.004620048714616281
2019-06-12,-0.0009998126796510799
2019-06-13,0.0005272909114866398
2019-06-14,-0.00193314471677592
2019-06-17,0.0013281581631900397
2019-06-18,0.011194237354881441
2019-06-19,-0.00287975796991204
2019-06-20,0.00932546139505656
2019-06-21,0.0020760807702170595
2019-06-24,-0.00196840059745168
2019-06-25,-0.005740689365917341
2019-06-26,0.00220206231248686
2019-06-27,-0.00317749583910676
2019-06-28,0.0044574927827726206
2019-07-01,0.0071988232043660805
2019-07-02,0.0019210646646749393
2019-07-03,0.007544492940766441
2019-07-05,-0.0026140277636214804
2019-07-08,-0.0024051754984882002
2019-07-09,0.0028479544879421803
2019-07-10,0.004115782139466
2019-07-11,0.0007155719817063793
2019-07-12,-0.003304963524403861
2019-07-15,-0.00069262268135496
2019-07-16,-0.00519757933874146
2019-07-17,-0.00551792020347054
2019-07-18,0.002297184973240181
2019-07-19,-0.008650533819186741
2019-07-22,0.0016106918091135806
2019-07-23,0.005037589118519621
2019-07-24,0.0019170817638555198
2019-07-25,-0.00218196528174244
2019-07-26,0.00208760186427416
2019-07-29,0.00482407978875484
2019-07-30,-0.00306823003457426
2019-07-31,-0.0036521771934813203
2019-08-01,-0.01641852434721652
2019-08-02,-0.004975009104757551
2019-08-05,-0.028451099154456663
2019-08-06,0.01096878773467352
2019-08-07,-0.002694606032064321
2019-08-08,0.01696918223373038
2019-08-09,-0.00786032981024142
2019-08-12,-0.00924076386253498
2019-08-13,0.020444547728474403
2019-08-14,-0.029305132389144485
2019-08-15,0.011236509022266961
2019-08-16,0.014421301995855063
2019-08-19,0.011703848988430701
2019-08-20,-0.009327361417249635
2019-08-21,0.006096542394048341
2019-08-22,0.00087166458865788
2019-08-23,-0.027514209178965562
2019-08-26,0.01017250007274762
2019-08-27,-0.00266951947992886
2019-08-28,0.00385825373388594
2019-08-29,0.011863630030390062
2019-08-30,0.0015625089680193801
2019-09-03,-0.0037884831567283404
2019-09-04,0.01033836015072532
2019-09-05,0.0100442286478835
2019-09-06,0.00048127568906781797
2019-09-09,0.00821123315226702
2019-09-10,0.010147583590185898
2019-09-11,0.00896737765809644
2019-09-12,0.0013437224923638401
2019-09-13,0.0032872262756184385
2019-09-16,-0.002791367668768001
2019-09-17,4.5607431561939856e-05
2019-09-18,0.0051834881916343
2019-09-19,-0.00415075844605638
2019-09-20,-0.00227384758258182
2019-09-23,0.00224538101484452
2019-09-24,-0.005265792477160941
2019-09-25,0.004077191316881021
2019-09-26,-0.007295175286594101
2019-09-27,0.0015087670668021199
2019-09-30,0.0038232820534963206
2019-10-01,-0.008240620216214422
2019-10-02,-0.01405912860648344
2019-10-03,0.0029861367883247
2019-10-04,0.019797671405717303
2019-10-07,-0.00546927499437422
2019-10-08,-0.012069121192478681
2019-10-09,0.00433352688114632
2019-10-10,0.00879944954270076
2019-10-11,0.015409855469244981
2019-10-14,-0.00188297752519654
2019-10-15,0.010103467931145901
2019-10-16,-0.00137857059569834
2019-10-17,0.0038154124175522005
2019-10-18,-0.0138547370197219
2019-10-21,0.013279903629104322
2019-10-22,0.0041444402676893395
2019-10-23,0.0058221280388603205
2019-10-24,-0.005821494702153181
2019-10-25,0.005758734072929701
2019-10-28,0.0025990588175311205
2019-10-29,-0.008900291688966798
2019-10-30,0.00414796119428678
2019-10-31,0.0001633416325890995
2019-11-01,0.01563746866555072
2019-11-04,0.007294264441823921
2019-11-05,0.00659627456298484
2019-11-06,-0.00207796227772742
2019-11-07,0.00958296017047238
2019-11-08,-0.0015912668075599807
2019-11-11,-0.00254068314295144
2019-11-12,-0.00493125985675748
2019-11-13,0.0022210956536346197
2019-11-14,-0.0030871717465449
2019-11-15,0.00896447488291602
2019-11-18,0.002913491985155601
2019-11-19,-0.003324421549234992
2019-11-20,-0.00277052215967208
2019-11-21,0.0063487831344679205
2019-11-22,0.0018419651703767206
2019-11-25,0.0026012922034092598
2019-11-26,-0.0013419402148595696
2019-11-27,0.003286564374486341
2019-11-29,-0.0023758877733636003
2019-12-02,-0.0017714810869955805
2019-12-03,-0.00902929629872372
2019-12-04,0.01124990715859938
2019-12-05,0.0044276738825690205
2019-12-06,0.01311818759527168
2019-12-09,-0.00383193867439688
2019-12-10,-0.0015144104780542803
2019-12-11,0.0021197661277328403
2019-12-12,0.012023678030571722
2019-12-13,-0.0012490171263507006
2019-12-16,0.0074184018389733
2019-12-17,0.00442652073123706
2019-12-18,-0.0029923270204557603
2019-12-19,0.00121057316847186
2019-12-20,0.0023375468138806203
2019-12-23,0.0026316897600964003
2019-12-24,8.561450769946008e-05
2019-12-26,0.006284415206161846
2019-12-27,-0.0006090135653864801
2019-12-30,-0.0016545916474456602
2019-12-31,0.0032821948063737204
2020-01-02,0.010503490644820722
2020-01-03,-0.010272777938249421
2020-01-06,0.00231364803927896
2020-01-07,-0.006609046745771441
2020-01-08,0.0010473921971075402
2020-01-09,0.0091689286511469
2020-01-10,-0.005443020280220881
2020-01-13,0.007866149404723539
2020-01-14,-0.00044412045949496
2020-01-15,-0.00505284775515616
2020-01-16,0.00519369857034388
2020-01-17,0.0025299460606124403
2020-01-21,-0.0049522680863498605
2020-01-22,-0.0011582461918813402
2020-01-23,-0.00061386453732774
2020-01-24,-0.00965947225014262
2020-01-27,-0.00914264698920454
2020-01-28,0.01130104743170208
2020-01-29,0.0023919282707824596
2020-01-30,0.00525651715780544
2020-01-31,-0.027872648123410136
2020-02-03,-0.00213594882113062
2020-02-04,0.010633831732533162
2020-02-05,0.020060540142241602
2020-02-06,-0.00179511247236846
2020-02-07,-0.006578874513479501
2020-02-10,-0.0024316314976160205
2020-02-11,0.00150362904056106
2020-02-12,0.006790178664206501
2020-02-13,-0.0012867500459855601
2020-02-14,-0.0006594573996385
2020-02-18,-0.00721624461584448
2020-02-19,0.0036326596132393203
2020-02-20,-0.004391220392264349
2020-02-21,-0.00579445485462422
2020-02-24,-0.0321776617605138
2020-02-25,-0.028413587604462238
2020-02-26,-0.00302417683230402
2020-02-27,-0.04572070749158152
2020-02-28,-0.013879222842339098
2020-03-02,0.060895084492604924
2020-03-03,-0.03488728483079706
2020-03-04,0.037060517873193
2020-03-05,-0.028618067968254283
2020-03-06,-0.020362353246738442
2020-03-09,-0.07535000301496855
2020-03-10,0.049461167571177286
2020-03-11,-0.0457917811237713
2020-03-12,-0.08694355993509421
2020-03-13,0.09852235075850874
2020-03-16,-0.0982337755118373
2020-03-17,0.07276936839974023
2020-03-18,-0.04281766029019196
2020-03-19,-0.006226836026742321
2020-03-20,-0.047180958115152744
2020-03-23,-0.0368884713511092
2020-03-24,0.08500783053525501
2020-03-25,0.007382604108904782
2020-03-26,0.045440520987706984
2020-03-27,-0.03798802847158464
2020-03-30,0.04012056392456174
2020-03-31,-0.010876761125804121
2020-04-01,-0.028059844341424403
2020-04-02,0.0407408900112853
2020-04-03,-0.01174575226044336
2020-04-06,0.0561116637441885
2020-04-07,-0.005608520349033759
2020-04-08,0.03401502195504458
2020-04-09,0.013202365711745137
2020-04-13,-0.0030051332852659004
2020-04-14,0.01794141676877844
2020-04-15,-0.019020837372064017
2020-04-16,-0.00433626449674028
2020-04-17,0.038878669383846085
2020-04-20,-0.02477943347741614
2020-04-21,-0.01666142382437006
2020-04-22,0.02023171298303844
2020-04-23,0.004246582868373821
2020-04-24,0.010596177276313299
2020-04-27,0.00722506752906596
2020-04-28,-0.0013641539623599
2020-04-29,0.014642851733260822
2020-04-30,-0.00782797348353556
2020-05-01,-0.02287251573535902
2020-05-04,0.009757985442040842
2020-05-05,0.005799681758626821
2020-05-06,-0.00963766743504164
2020-05-07,0.0032091476310184
2020-05-08,0.02002479233794268
2020-05-11,-0.0029094816270744004
2020-05-12,-0.01462855471885036
2020-05-13,-0.01936316908324108
2020-05-14,0.011524532901046821
2020-05-15,0.0015737661466543593
2020-05-18,0.034048506790969296
2020-05-19,-0.017505934919656997
2020-05-20,0.015400153022720561
2020-05-21,-0.009648818890353102
2020-05-22,-0.0029671462592802205
2020-05-26,0.018221372925602563
2020-05-27,0.0121215381014825
2020-05-28,-0.0032344507106430794
2020-05-29,-0.00037206774409488056
2020-06-01,0.00641502412511932
2020-06-02,0.007454428139675621
2020-06-03,0.01983666253204812
2020-06-04,-0.0029149807761387207
2020-06-05,0.030784551328369523
2020-06-08,0.01018279064615696
2020-06-09,-0.004194055330771421
2020-06-10,-0.011477131939018502
2020-06-11,-0.055085092369209526
2020-06-12,0.00939050568768124
2020-06-15,0.004421170388982321
2020-06-16,0.018601823780831243
2020-06-17,-0.0134941216823183
2020-06-18,-0.0023567473931464006
2020-06-19,-0.0036955692053472202
2020-06-22,0.00742123386164086
2020-06-23,0.006172876665882381
2020-06-24,-0.025158455323613802
2020-06-25,0.011443217665379502
2020-06-26,-0.02895751581777956
2020-06-29,0.01174050290118994
2020-06-30,0.00925073085813172
2020-07-01,-0.0071021687607875006
2020-07-02,0.00238112558314136
2020-07-06,0.014122044920718219
2020-07-07,0.0019328916977155988
2020-07-08,0.002952372056137641
2020-07-09,-0.00749122172436164
2020-07-10,0.021939673228842882
2020-07-13,0.004205488218546462
2020-07-14,0.0186446294250432
2020-07-15,0.007456672504150297
2020-07-16,-0.0018294005348321203
2020-07-17,-0.00809819005799444
2020-07-20,-0.0023000899741053003
2020-07-21,0.013189841458192821
2020-07-22,-0.004685830250242801
2020-07-23,-0.010173753296583541
2020-07-24,-0.00574527240586544
2020-07-27,0.003564220480332881
2020-07-28,-0.0044158443940311605
2020-07-29,0.00886885865265348
2020-07-30,-0.01319140241225036
2020-07-31,0.01857976292090472
2020-08-03,0.0067571458115552
2020-08-04,0.00940912015191046
2020-08-05,0.00477050192955922
2020-08-06,0.004227623791856639
2020-08-07,0.0013195259198924801
2020-08-10,0.01254107604080204
2020-08-11,-0.0015413286863781607
2020-08-12,0.011162725735600862
2020-08-13,-0.00392403547410494
2020-08-14,0.0022455038418789
2020-08-17,-0.002850948822660981
2020-08-18,-0.0019426923192572402
2020-08-19,-0.0045114203683741
2020-08-20,-0.0024168740803634206
2020-08-21,0.01209694525079716
2020-08-24,0.01399534572175624
2020-08-25,-0.00829348665121984
2020-08-26,-0.0039195886272700795
2020-08-27,0.01280646306639256
2020-08-28,0.011512941076464563
2020-08-31,-0.004291341487439721
2020-09-01,0.015438093173016103
2020-09-02,0.0008257687610125205
2020-09-03,-0.02686703203027188
2020-09-04,0.0006513561524450996
2020-09-08,-0.03294341151375194
2020-09-09,0.014067976202795021
2020-09-10,-0.02172869580870252
2020-09-11,0.00034155998889851956
2020-09-14,0.00914820954917996
2020-09-15,-0.0072555678492940805
2020-09-16,0.0011752766414594787
2020-09-17,-0.0065590186365689215
2020-09-18,-0.00931451917043724
2020-09-21,-0.0070425093174738196
2020-09-22,-0.0033975687676162008
2020-09-23,-0.021088172150907702
2020-09-24,0.0028367171073167005
2020-09-25,0.01331899266361776
2020-09-28,0.016359782801472163
2020-09-29,-0.009260538379601342
2020-09-30,0.011751450793084142
2020-10-01,-0.0014083901401657408
2020-10-02,-0.01053674594288052
2020-10-05,0.019566411435586063
2020-10-06,-0.014176492034157502
2020-10-07,0.010126277577710499
2020-10-08,0.01646056923251718
2020-10-09,0.004193113640581661
2020-10-12,0.01773293647953956
2020-10-13,-0.01275280497089812
2020-10-14,-0.00485434950304454
2020-10-15,0.00354911786950818
2020-10-16,-0.0037593692524581198
2020-10-19,-0.02000284403636558
2020-10-20,0.00710417707652162
2020-10-21,-0.006449614483221721
2020-10-22,0.015821960234316
2020-10-23,-0.002796325464272301
2020-10-26,-0.01377489382460073
2020-10-27,-0.00439741756853568
2020-10-28,-0.03315130532179762
2020-10-29,0.015721831265339402
2020-10-30,-0.01332518541522584
2020-11-02,0.017425920935609802
2020-11-03,0.009078526079653681
2020-11-04,0.0011291491855257808
2020-11-05,0.017561067992649983
2020-11-06,0.00152665755252004
2020-11-09,0.050730419339969156
2020-11-10,0.00901180027112214
2020-11-11,0.0036996656419974404
2020-11-12,-0.00876402659613918
2020-11-13,0.01143631314868844
2020-11-16,0.02271097400179306
2020-11-17,-0.0068853814539584
2020-11-18,-0.014337168699808361
2020-11-19,0.00634538724244442
2020-11-20,-0.00989672137608864
2020-11-23,0.011796444535794402
2020-11-24,0.02544920898205594
2020-11-25,-0.005815764279200141
2020-11-27,-0.00325843523319726
2020-11-30,-0.00902763256074168
2020-12-01,0.0148946665464335
2020-12-02,0.010067021175257401
2020-12-03,-0.0006464028867899402
2020-12-04,0.00918596374119906
2020-12-07,-0.00484553599225322
2020-12-08,0.0130409486239242
2020-12-09,-0.002620270441873039
2020-12-10,0.00471880969173722
2020-12-11,-0.00261672790144994
2020-12-14,-0.017262078663355544
2020-12-15,0.019233886019075483
2020-12-16,0.0021377121094729203
2020-12-17,0.00492811063277874
2020-12-18,-0.006652695430197001
2020-12-21,0.004434468605840642
2020-12-22,-0.003552622593417621
2020-12-23,0.00438334652188802
2020-12-24,0.0009375669920664401
2020-12-28,0.012484967783332
2020-12-29,-0.005468389809231441
2020-12-30,0.0027657513893513805
2020-12-31,0.00102368573032326
2021-01-04,-0.0032901779919994392
2021-01-05,0.014486327132209681
2021-01-06,0.01089304352799282
2021-01-07,0.01562371746959255
2021-01-08,0.0037325034417412008
2021-01-11,0.0044693155892344405
2021-01-12,0.008030457746919399
2021-01-13,0.0033420368009287006
2021-01-14,0.008794946852720241
2021-01-15,-0.01955730992449348
2021-01-19,0.00555291379677402
2021-01-20,0.008863375817211801
2021-01-21,-0.0017868406267829194
2021-01-22,0.0031393471279061395
2021-01-25,0.003599264286018401
2021-01-26,0.002340468063028441
2021-01-27,-0.017484467692376382
2021-01-28,0.0010534371925601804
2021-01-29,-0.02665999856591866
2021-02-01,0.00288563536204618
2021-02-02,0.010944416492648702
2021-02-03,0.00826105887800486
2021-02-04,0.01733284762060408
2021-02-05,0.01129877091166934
2021-02-08,0.013458682369387881
2021-02-09,-0.00171597139506594
2021-02-10,-0.0005433723954527997
2021-02-11,-0.007002255160883461
2021-02-12,0.00717862876785052
2021-02-16,0.0074451171922015605
2021-02-17,0.00303577086005204
2021-02-18,-0.017058208869958423
2021-02-19,0.0025878858900263207
2021-02-22,0.0022257230185911197
2021-02-23,-0.0008450008874952798
2021-02-24,0.00804689629397724
2021-02-25,-0.014669274781726919
2021-02-26,-0.018205098853732483
2021-03-01,0.026080704436833645
2021-03-02,-0.008294891239714202
2021-03-03,-0.006815174669952559
2021-03-04,-0.002613397173582622
2021-03-05,0.0166277852580019
2021-03-08,-0.006136285735804442
2021-03-09,0.005589676709880219
2021-03-10,0.01559816771491914
2021-03-11,0.000678644245628666
2021-03-12,0.0065898255089086805
2021-03-15,-0.0012083300203088402
2021-03-16,-0.0029601699370006796
2021-03-17,-0.0007598735725299796
2021-03-18,-0.015088218308840242
2021-03-19,-0.0030814906127917003
2021-03-22,-0.00023084704692727972
2021-03-23,-0.00366123367968768
2021-03-24,0.0023164459889125208
2021-03-25,0.004253916025191901
2021-03-26,0.015131638954452162
2021-03-29,-0.0002599690681211596
2021-03-30,-0.005172454404253702
2021-03-31,-0.0028612477253246605
2021-04-01,0.006765650816009341
2021-04-05,0.00902952871357256
2021-04-06,-0.0005678070200797399
2021-04-07,0.006540109349203061
2021-04-08,0.0010958204573953806
2021-04-09,0.00307102632419408
2021-04-12,-0.0038811643291224605
2021-04-13,-5.504045964543967e-05
2021-04-14,-0.0010486297177384205
2021-04-15,0.00561859209843868
2021-04-16,0.0028054671988353595
2021-04-19,-0.0011950579486101403
2021-04-20,-0.0050031796882156615
2021-04-21,0.00557047159100064
2021-04-22,-0.013015593664398261
2021-04-23,0.00926136885210016
2021-04-26,-0.0030523264170736002
2021-04-27,0.0025847909815323003
2021-04-28,0.00393884963703244
2021-04-29,0.011860554623395182
2021-04-30,-0.011963111487993922
2021-05-03,0.012785748569775001
2021-05-04,-0.0019254671627413008
2021-05-05,0.00802484988895674
2021-05-06,0.01071799659310022
2021-05-07,0.004310425954350581
2021-05-10,-0.0017198073797051404
2021-05-11,-0.01460299391492516
2021-05-12,-0.011270201545804623
2021-05-13,0.011740146150880341
2021-05-14,0.01419291349719772
2021-05-17,0.00292305603672486
2021-05-18,-0.00630770549736472
2021-05-19,-0.0070029122638829025
2021-05-20,0.00524880936368344
2021-05-21,-0.0014752023553769803
2021-05-24,0.006866245729468626
2021-05-25,-0.00664380540030412
2021-05-26,0.0008043234077086999
2021-05-27,-0.0016332509863707404
2021-05-28,-0.0008511080378160801
2021-06-01,0.003918713131205219
2021-06-02,0.0032269656270905145
2021-06-03,-0.00134957790450372
2021-06-04,0.00528098901170612
2021-06-07,-0.004924569318468774
2021-06-08,0.0007977198248791803
2021-06-09,0.0014125521992262003
2021-06-10,-0.0014532067122351
2021-06-11,-0.0013128688260941996
2021-06-14,0.0014270658490703005
2021-06-15,0.0010998676641156392
2021-06-16,-0.0026678176786800395
2021-06-17,-0.00804324378320582
2021-06-18,-0.01983399840554298
2021-06-21,0.0175826568861062
2021-06-22,0.00673684788689662
2021-06-23,-0.0005046376340045197
2021-06-24,0.0045226209634505205
2021-06-25,0.00539862479996028
2021-06-28,-0.0030831832459764204
2021-06-29,-0.00033042144759113106
2021-06-30,0.010494446015156282
2021-07-01,0.0020736438025120395
2021-07-02,0.00821623772134232
2021-07-06,-0.007551590221660281
2021-07-07,0.0020829999082643603
2021-07-08,-0.00674595445838778
2021-07-09,0.01444555425336666
2021-07-12,0.0011519285393872401
2021-07-13,-0.0018359237291303604
2021-07-14,0.0024428492752181404
2021-07-15,-0.00465898483657942
2021-07-16,-0.013374261364644261
2021-07-19,-0.02067815414354604
2021-07-20,0.013915414175438822
2021-07-21,0.00986295057975486
2021-07-22,-0.0021302462383312997
2021-07-23,0.0055402733719038
2021-07-26,0.0073429605675111
2021-07-27,-0.004533568249863659
2021-07-28,-0.00212951271656812
2021-07-29,0.00531686620526472
2021-07-30,-0.00544919152401274
2021-08-02,-0.0016170298859161801
2021-08-03,0.011669318565691842
2021-08-04,-0.00993242330551838
2021-08-05,0.00803332222031022
2021-08-06,0.0060095727049062795
2021-08-09,-0.0013902985048755
2021-08-10,0.00953697847142186
2021-08-11,0.00515123691093642
2021-08-12,0.005560042703456681
2021-08-13,-0.00214891462747308
2021-08-16,0.0019089861869128802
2021-08-17,-0.0032388396025874
2021-08-18,-0.015797692447942942
2021-08-19,-0.004398191916442421
2021-08-20,0.00539944141659224
2021-08-23,0.010656082752035962
2021-08-24,-0.0018034826153178604
2021-08-25,0.0015574391961901998
2021-08-26,-0.006007808018862701
2021-08-27,0.005365691200869259
2021-08-30,0.0031494238552993202
2021-08-31,-0.00468505092633656
2021-09-01,-0.00187056109474374
2021-09-02,0.00971972505147034
2021-09-03,-7.076332813294014e-05
2021-09-07,-0.0041808146173891204
2021-09-08,-0.00497124384865424
2021-09-09,-0.006188937675900701
2021-09-10,-0.011359210956275121
2021-09-13,0.00656687562656332
2021-09-14,-0.01051057079079722
2021-09-15,0.010457947116500782
2021-09-16,-0.00211528731609948
2021-09-17,-0.007535570359052361
2021-09-20,-0.01947990687796234
2021-09-21,0.0017967909829034801
2021-09-22,0.01186802935265202
2021-09-23,0.01612502147414034
2021-09-24,0.00417123507214828
2021-09-27,0.005928521645373001
2021-09-28,-0.006648934903580801
2021-09-29,0.0024076644021464
2021-09-30,-0.012708933861699419
2021-10-01,0.008384103514023461
2021-10-04,-0.0060276859383267605
2021-10-05,0.0075373560774624395
2021-10-06,-0.00010182160895899975
2021-10-07,0.007787874468144861
2021-10-08,0.004715094873463321
2021-10-11,-0.00735777374177238
2021-10-12,-0.00780647621329786
2021-10-13,-0.0062105633582524
2021-10-14,0.013470368200043341
2021-10-15,0.00970621172408766
2021-10-18,0.0023382084819129397
2021-10-19,0.01737973996403718
2021-10-20,0.0061688528580466405
2021-10-21,-0.004261907622426521
2021-10-22,0.005481080095314081
2021-10-25,0.00561093325312776
2021-10-26,0.006373618473702781
2021-10-27,-0.01405521136444672
2021-10-28,0.008734766551045
2021-10-29,-0.0023417074054985798
2021-11-01,0.0030382180435247004
2021-11-02,0.0028036674354790796
2021-11-03,-0.0007416823354412403
2021-11-04,-0.0009175249586288203
2021-11-05,-0.00048454678239059955
2021-11-08,0.00028140659236442
2021-11-09,0.0011798215013882401
2021-11-10,-0.007599833959946161
2021-11-11,-0.0010980441904383529
2021-11-12,0.00184363974106976
2021-11-15,-0.0015790207630487951
2021-11-16,-0.004219295518491979
2021-11-17,-0.0009305823159199403
2021-11-18,0.0024446102158922002
2021-11-19,-0.008933676976418201
2021-11-22,0.0083422162731311
2021-11-23,0.013197011135884982
2021-11-24,0.0006380333282926399
2021-11-26,-0.02292333050173306
2021-11-29,0.00217806161055596
2021-11-30,-0.009931173109152201
2021-12-01,-0.004197840131951961
2021-12-02,0.00427566744821082
2021-12-03,-0.0013130990312511795
2021-12-06,0.015564065930177522
2021-12-07,0.01220785027381684
2021-12-08,0.00202538448531976
2021-12-09,0.00428761505351612
2021-12-10,0.009241892646591622
2021-12-13,-0.0037135713202308203
2021-12-14,0.00372883797210748
2021-12-15,0.005472387854893201
2021-12-16,-0.0055472929002782
2021-12-17,-0.022148225739759483
2021-12-20,-0.00804280656921856
2021-12-21,0.01110047676609418
2021-12-22,0.0065842547988047805
2021-12-23,0.0014794827939605
2021-12-27,0.01209989896300136
2021-12-28,0.00247896107892836
2021-12-29,-0.00044030889573310025
2021-12-30,-0.0010633275027388002
2021-12-31,0.0011289733799736998
2022-01-03,0.017407170771422422
2022-01-04,0.008366236539621461
2022-01-05,-0.00245214627921692
2022-01-06,0.002249292703265861
2022-01-07,0.008431258554197862
2022-01-10,-0.00235110995676132
2022-01-11,0.009279336855299601
2022-01-12,-0.0016993801721183798
2022-01-13,-0.00387169750142766
2022-01-14,-0.009413205379212239
2022-01-18,-0.01318101579247994
2022-01-19,-0.00584627068522992
2022-01-20,-0.00871353737180768
2022-01-21,-0.010968651857773501
2022-01-24,-0.0017244880109165684
2022-01-25,0.0071508410730955815
2022-01-26,-0.00139070021817176
2022-01-27,0.0012018124716680206
2022-01-28,0.02005105112575204
2022-01-31,0.013659012421919622
2022-02-01,0.015996930800235763
2022-02-02,0.0014151231802447001
2022-02-03,-0.007142619761334273
2022-02-04,0.00553512957459306
2022-02-07,-0.00040152818970913984
2022-02-08,0.0028552562661070795
2022-02-09,0.0010768982638888003
2022-02-10,-0.01222662579882746
2022-02-11,-0.0047321730452806595
2022-02-14,-0.00919624191390566
2022-02-15,0.007740518253327881
2022-02-16,-0.00036239622009711996
2022-02-17,-0.0023734161759504592
2022-02-18,-0.0065831263447656205
2022-02-22,-0.011194110273745679
2022-02-23,-0.01050250226153418
2022-02-24,-0.00935048506622742
2022-02-25,0.025398453029353778
2022-02-28,-0.010033689045207081
2022-03-01,-0.0074233663730711805
2022-03-02,0.014439186309380422
2022-03-03,0.0069854188949647405
2022-03-04,0.004475191938101661
2022-03-07,-0.0036488163802380806
2022-03-08,-0.01041832998455184
2022-03-09,0.005439302153200997
2022-03-10,0.003303478618124559
2022-03-11,-0.011468162280985121
2022-03-14,-0.00493510153105072
2022-03-15,0.005687900172367061
2022-03-16,0.01155981063503584
2022-03-17,0.01206596022274438
2022-03-18,0.001703315480437981
2022-03-21,0.00950791933667508
2022-03-22,0.0059973202459173815
2022-03-23,-0.0025107912910787202
2022-03-24,0.008711559306260601
2022-03-25,0.009646393105068
2022-03-28,-0.0014987862387954801
2022-03-29,0.004788051663661801
2022-03-30,0.00685489399793558
2022-03-31,-0.01629728861737106
2022-04-01,0.00334832740437924
2022-04-04,0.003830944232811621
2022-04-05,-0.0052885917634918405
2022-04-06,0.00560914053151684
2022-04-07,0.00458404480115802
2022-04-08,0.006996875367922021
2022-04-11,-0.0191915595201248
2022-04-12,0.002975927591032701
2022-04-13,0.005701668284707161
2022-04-14,-0.006520973742980579
2022-04-18,0.0010659137776135403
2022-04-19,0.01355257611391032
2022-04-20,0.00435115856566664
2022-04-21,-0.0049094431913823
2022-04-22,-0.021425874021918243
2022-04-25,-0.00043175621350591883
2022-04-26,-0.0168288368205038
2022-04-27,-0.0013421551049844806
2022-04-28,0.02229100833195114
2022-04-29,-0.025640327293380984
2022-05-02,0.00160372568683526
2022-05-03,0.01063392817249206
2022-05-04,0.027687632165611265
2022-05-05,-0.024710368184847103
2022-05-06,-0.00092644974442232
2022-05-09,-0.021986328960518782
2022-05-10,-0.0034120714214007997
2022-05-11,-0.0106417938482627
2022-05-12,-0.002854054003954581
2022-05-13,0.01372129514573196
2022-05-16,0.00278266931108686
2022-05-17,-0.0076555180546533
2022-05-18,-0.035170401867319165
2022-05-19,-0.01407832010615712
2022-05-20,0.004003593864761521
2022-05-23,0.034605640318557764
2022-05-24,0.00474859791173016
2022-05-25,0.0024593355104792994
2022-05-26,0.012889401747759103
2022-05-27,0.01869809682701476
2022-05-31,-0.0043546137855785
2022-06-01,-0.00682221015454396
2022-06-02,0.008886229468093781
2022-06-03,-0.011850379299161702
2022-06-06,-0.0008606769903825599
2022-06-07,0.0130047107768805
2022-06-08,-0.004754463400853622
2022-06-09,-0.021836672466915757
2022-06-10,-0.02078555041494428
2022-06-13,-0.028570584249482764
2022-06-14,-0.00445559119928112
2022-06-15,0.00587770852061688
2022-06-16,-0.016555128219916962
2022-06-17,-0.014524206248477181
2022-06-21,0.03470431679334024
2022-06-22,-0.009069046189710741
2022-06-23,0.005411099860621642
2022-06-24,0.01792874094439882
2022-06-27,0.00375979866961212
2022-06-28,-0.00987990431214694
2022-06-29,-0.00636010486574636
2022-06-30,-0.01387055943952974
2022-07-01,0.014242825028084482
2022-07-05,-0.0021292780897151807
2022-07-06,-0.00138677115358654
2022-07-07,0.01677451009275266
2022-07-08,0.00052239332524734
2022-07-11,-0.00643893601941578
2022-07-12,-0.00451007079356002
2022-07-13,-0.0015657068518310604
2022-07-14,-0.0027168096333771413
2022-07-15,0.019683431647650643
2022-07-18,-0.007445593452848001
2022-07-19,0.01365211828827884
2022-07-20,0.00539041518666112
2022-07-21,0.004668492954388699
2022-07-22,-0.0036877657669618603
2022-07-25,0.00609022953842832
2022-07-26,-0.01946271525583144
2022-07-27,0.02139107331239208
2022-07-28,0.00845229467302004
2022-07-29,0.020691119122638282
2022-08-01,-0.00823665372323718
2022-08-02,-0.0067696774281240804
2022-08-03,0.001909554803474902
2022-08-04,-0.02176453974421114
2022-08-05,0.0094814359264411
2022-08-08,-0.00132236016448816
2022-08-09,0.00750088768220592
2022-08-10,0.01334995100942036
2022-08-11,0.005647742578697199
2022-08-12,0.010832027712978939
2022-08-15,-0.0002367721236911204
2022-08-16,0.01185628250532386
2022-08-17,0.0019199756487763306
2022-08-18,0.0011087430686495797
2022-08-19,-0.008507170458485322
2022-08-22,-0.01233682448767386
2022-08-23,0.0035217777363851207
2022-08-24,0.00281295106668986
2022-08-25,0.011974632301735639
2022-08-26,-0.026255941360595562
2022-08-29,0.0017705438581006594
2022-08-30,-0.01193845394508884
2022-08-31,-0.00604734245590038
2022-09-01,0.006585027509676879
2022-09-02,-0.005801018857568061
2022-09-06,-0.0033810186206281803
2022-09-07,0.010171883467970842
2022-09-08,0.00699726220301618
2022-09-09,0.009067572933093682
2022-09-12,0.014081898807982602
2022-09-13,-0.032689827947202627
2022-09-14,0.01004081171722608
2022-09-15,-0.00822665905514968
2022-09-16,-0.0043155968211590805
2022-09-19,0.00697672425623368
2022-09-20,-0.00517860698809806
2022-09-21,-0.01326618313011986
2022-09-22,-0.002882099834369339
2022-09-23,-0.021734191451584742
2022-09-26,-0.00728403459665854
2022-09-27,0.0022786902166682397
2022-09-28,0.01381172705869824
2022-09-29,-0.017110365606976558
2022-09-30,-0.01750353679386456
2022-10-03,0.027060405080637798
2022-10-04,0.027331549752932425
2022-10-05,0.0034264562066604193
2022-10-06,-0.00521148694979704
2022-10-07,-0.02020795577603838
2022-10-10,-0.00428800175424256
2022-10-11,-0.0014491425122880185
2022-10-12,0.0008826699070288
2022-10-13,0.029547545031141945
2022-10-14,-0.012014164681089581
2022-10-17,0.021139702768107282
2022-10-18,0.01090454418199628
2022-10-19,7.448983325779486e-06
2022-10-20,-3.24014607960601e-05
2022-10-21,0.028034119769425523
2022-10-24,0.011110833972459221
2022-10-25,0.0036706513044957
2022-10-26,0.00403807495835656
2022-10-27,-0.005002994161322459
2022-10-28,0.02884496825973438
2022-10-31,-0.00448252952835742
2022-11-01,0.00017238587898544058
2022-11-02,-0.017813342220801942
2022-11-03,-0.00510230019196956
2022-11-04,0.008506100153729301
2022-11-07,0.00805408199476466
2022-11-08,0.0030621206847537604
2022-11-09,-0.02443645930872644
2022-11-10,0.03545218765488952
2022-11-11,0.004749157244152659
2022-11-14,-0.00610211013949848
2022-11-15,0.01590324250268356
2022-11-16,-0.0008540982442808993
2022-11-17,0.0029293880760352204
2022-11-18,0.00553055699498336
2022-11-21,-0.0052442864672771605
2022-11-22,0.0133894739817611
2022-11-23,0.0034969851357590396
2022-11-25,-0.003129086487178981
2022-11-28,-0.01407867197481928
2022-11-29,-0.00171219375494072
2022-11-30,0.014989083079603602
2022-12-01,-0.00132167270179614
2022-12-02,-0.0039953883584998
2022-12-05,-0.014845632693931899
2022-12-06,-0.015617485107066282
2022-12-07,-0.0031621783773879805
2022-12-08,0.0063547765602769415
2022-12-09,-0.00976860541183432
2022-12-12,0.01742577759248718
2022-12-13,0.00417416215527932
2022-12-14,-0.0060779265483805805
2022-12-15,-0.020561035699856883
2022-12-16,-0.0112065706851665
2022-12-19,-0.0012393669794817002
2022-12-20,0.0057209455439985605
2022-12-21,0.013436904570268061
2022-12-22,-0.01413281289602024
2022-12-23,0.00659099783144208
2022-12-27,0.00070329139587324
2022-12-28,-0.012701818680607723
2022-12-29,0.010561800187439581
2022-12-30,0.0022980066899252203
2023-01-03,-0.0085351671968876
2023-01-04,0.0069102416962831
2023-01-05,0.00015111425794353973
2023-01-06,0.02012501835157712
2023-01-09,-0.01141128198778866
2023-01-10,0.0050664688329707
2023-01-11,0.00946785116701452
2023-01-12,0.00018884500401254072
2023-01-13,0.006954891934213461
2023-01-17,-0.00417359416406716
2023-01-18,-0.019152386430715623
2023-01-19,-0.0044181563143619205
2023-01-20,0.009512623239005761
2023-01-23,0.009380410890901721
2023-01-24,0.0061269000234179605
2023-01-25,-0.0005516843963319603
2023-01-26,0.01132102969650004
2023-01-27,0.0003225456307250807
2023-01-30,-0.018269722511092344
2023-01-31,0.011485372488201459
2023-02-01,0.001809800554611061
2023-02-02,-0.0004761052826856814
2023-02-03,0.005576982587571021
2023-02-06,-0.005721178298698919
2023-02-07,0.012472629943716361
2023-02-08,-0.00749829221650938
2023-02-09,-0.004587441247610341
2023-02-10,0.0138430456567109
2023-02-13,0.0089406345265457
2023-02-14,-0.00375228726454836
2023-02-15,0.0012064723422718399
2023-02-16,-0.00998205118414024
2023-02-17,-0.0014236521133506406
2023-02-21,-0.010968198748155161
2023-02-22,-0.008017160135258281
2023-02-23,0.00105658051670126
2023-02-24,-0.0034755376713511937
2023-02-27,0.0011520577990825798
2023-02-28,-0.0022432794519801798
2023-03-01,-0.00586870796609652
2023-03-02,1.1435718179440032e-05
2023-03-03,0.01552296422395904
2023-03-06,0.00628264098380602
2023-03-07,-0.016527642988490743
2023-03-08,-0.0055468205446206
2023-03-09,-0.018951821309389463
2023-03-10,2.6817901771220357e-05
2023-03-13,-0.0007423430966264201
2023-03-14,0.01089059541042544
2023-03-15,-0.01608514795676602
2023-03-16,0.004909659242711659
2023-03-17,-0.011525471115376818
2023-03-20,0.01457334403227492
2023-03-21,0.01603216144784254
2023-03-22,-0.016533997998287864
2023-03-23,0.00032847270586331984
2023-03-24,0.0024968056808453
2023-03-27,0.011853131286080322
2023-03-28,-0.00040159646656118004
2023-03-29,0.010623458376644482
2023-03-30,0.004500128843218201
2023-03-31,0.01035306218362386
2023-04-03,0.01717922874402822
2023-04-04,-0.005107797797350081
2023-04-05,0.013764927123463461
2023-04-06,-0.0014822018866523603
2023-04-10,-0.00481184819654624
2023-04-11,0.00023575032173654025
2023-04-12,-0.00250884147736172
2023-04-13,0.01139357270640862
2023-04-14,0.013486520348101862
2023-04-17,0.00047923937986236054
2023-04-18,0.00246817386291352
2023-04-19,0.0026078090032963202
2023-04-20,-0.0007734532470153598
2023-04-21,-0.00178110034288934
2023-04-24,0.006996329957216741
2023-04-25,-0.008803686972832361
2023-04-26,-0.009364107348104994
2023-04-27,0.01185182752724118
2023-04-28,0.00614689419130002
2023-05-01,-0.0013270726388823206
2023-05-02,-0.011231197780743302
2023-05-03,-0.012826509771834
2023-05-04,-0.00856951507355316
2023-05-05,0.02067797300172756
2023-05-08,0.00199030942916688
2023-05-09,-0.00411430365695068
2023-05-10,-0.00019573886991071984
2023-05-11,-0.00410031448384956
2023-05-12,-0.004295115576310931
2023-05-15,-0.00159771276706214
2023-05-16,-0.009228347632701181
2023-05-17,0.010583971586550781
2023-05-18,0.0080158570373415
2023-05-19,-0.0009237243722327196
2023-05-22,-0.0080156286228998
2023-05-23,-0.00284629096086338
2023-05-24,-0.0003753510343839999
2023-05-25,-0.006625459255625561
2023-05-26,0.0036650522746026603
2023-05-30,0.0006536335968435401
2023-05-31,-0.00417491245220396
2023-06-01,0.00833457908557364
2023-06-02,0.01485805793030132
2023-06-05,-0.0013307634959287596
2023-06-06,0.00137746718121258
2023-06-07,0.005594279194099921
2023-06-08,0.0076120066522282
2023-06-09,0.0002482099405804999
2023-06-12,0.0024890583478574127
2023-06-13,0.0035701910399739806
2023-06-14,0.0005888923515243402
2023-06-15,0.009672491403540082
2023-06-16,-0.0045486633183462796
2023-06-20,-0.00739001989485842
2023-06-21,0.0008939291080964
2023-06-22,0.0021508995081922803
2023-06-23,-0.0036722211298096203
2023-06-26,-9.285118776469975e-05
2023-06-27,0.0023868633151837666
2023-06-28,0.00269846441362284
2023-06-29,0.00985784942932216
2023-06-30,0.01394421897750004
2023-07-03,-0.0008805470767350204
2023-07-05,-0.0043051715381473
2023-07-06,-0.01169118139239972
2023-07-07,-0.006650407618586701
2023-07-10,0.00405515111194674
2023-07-11,0.0036107257139176997
2023-07-12,0.0035797847508311003
2023-07-13,-0.00212911144110948
2023-07-14,-0.0034981197432622
2023-07-17,0.00839855311224318
2023-07-18,-0.0011846231177578236
2023-07-19,0.00323192826310298
2023-07-20,0.01981196297254928
2023-07-21,0.0014392161734364597
2023-07-24,0.01013906500757284
2023-07-25,0.0010805195805249001
2023-07-26,0.0020903423679322
2023-07-27,-0.00249699027624898
2023-07-28,0.0033041270964114205
2023-07-31,-0.00014358815990418022
2023-08-01,-0.0023138383594103395
2023-08-02,-0.00651154492827352
2023-08-03,0.00414393432905124
2023-08-04,-0.01249659247660926
2023-08-07,0.00460747653740416
2023-08-08,0.0012202728765402003
2023-08-09,-0.0008784245613060798
2023-08-10,-0.0006636744257212399
2023-08-11,0.00745707784695554
2023-08-14,0.000493473949035
2023-08-15,-0.014067759579341001
2023-08-16,-0.0057413484496969
2023-08-17,-0.0037177889815544806
2023-08-18,0.005177067398187141
2023-08-21,-0.006676900763453321
2023-08-22,-0.005913375264447021
2023-08-23,0.00357835733707214
2023-08-24,-0.007767377114231981
2023-08-25,0.009910412989936519
2023-08-28,0.0029267925567454597
2023-08-29,0.0088796445347
2023-08-30,0.005707732532180681
2023-08-31,-0.0024314419830581205
2023-09-01,0.0037898145707460197
2023-09-05,-0.003295761529125091
2023-09-06,-0.007588631682626319
2023-09-07,-0.0035048703295019407
2023-09-08,0.00479446305710942
2023-09-11,0.0030040704181757603
2023-09-12,0.006374877108298321
2023-09-13,-0.00351282778960404
2023-09-14,0.00974244617985444
2023-09-15,-0.00802706936807086
2023-09-18,0.005191815755987561
2023-09-19,7.300933721564014e-05
2023-09-20,-0.004905430280276261
2023-09-21,-0.010123029225324902
2023-09-22,-0.0015178636632289003
2023-09-25,0.005296686186571021
2023-09-26,-0.00869228197773178
2023-09-27,0.002542765870015001
2023-09-28,0.0022949719508641797
2023-09-29,-0.01068936975642586
2023-10-02,-0.0026316070403991
2023-10-03,-0.0036993938622461803
2023-10-04,-0.00248488667667372
2023-10-05,-0.0025211134606981404
2023-10-06,-3.0998421793659425e-05
2023-10-09,0.0086465875727624
2023-10-10,0.0017294128980945597
2023-10-11,-0.006856981656511641
2023-10-12,0.00161157594800194
2023-10-13,0.00910462232291434
2023-10-16,0.0023914813901281403
2023-10-17,-0.0011381566188044395
2023-10-18,-0.005030677209127601
2023-10-19,-0.0026482872615151403
2023-10-20,-0.01120270490320132
2023-10-23,-0.00479426615728922
2023-10-24,0.0013839140459052804
2023-10-25,-0.0035708579079005
2023-10-26,-0.01083931672934546
2023-10-27,-0.01472584805993786
2023-10-30,0.0098962926652895
2023-10-31,0.005154306472440841
2023-11-01,0.0054371118023827
2023-11-02,0.01715153186520158
2023-11-03,-0.0008145323210118399
2023-11-06,0.0016302890830247998
2023-11-07,-0.00046375528854136067
2023-11-08,-0.0026523757302177996
2023-11-09,-0.00542106192261338
2023-11-10,0.0116838497257196
2023-11-13,0.0018059699864395999
2023-11-14,0.0072813446348971595
2023-11-15,0.0052366593182345805
2023-11-16,-0.01266118063626294
2023-11-17,0.00537060466860172
2023-11-20,0.0032929466313956
2023-11-21,0.0009952249266645
2023-11-22,-0.0016119242611279004
2023-11-24,0.0039749885735497
2023-11-27,-0.00250221303356054
2023-11-28,0.0038327400292618202
2023-11-29,-0.00566315699220084
2023-11-30,0.0065283208748895
2023-12-01,0.00589518102864094
2023-12-04,-0.0009343913110724798
2023-12-05,0.00173984788478766
2023-12-06,-0.01049235965579726
2023-12-07,-0.0016245676203119404
2023-12-08,0.0026253681230941
2023-12-11,-0.0003803122867222999
2023-12-12,0.000388722511150969
2023-12-13,0.01026869282857394
2023-12-14,0.008113722171938101
2023-12-15,-0.00180267304778094
2023-12-18,0.00427727392998438
2023-12-19,0.008414655559718261
2023-12-20,-0.01415683978707676
2023-12-21,0.00536215364001584
2023-12-22,0.0023160119557552204
2023-12-26,0.0016343764376997398
2023-12-27,0.0025120219503961005
2023-12-28,-0.0014826444812235803
2023-12-29,-0.00143304595998606
2024-01-02,0.0061336687877651
2024-01-03,0.0005739173934096065
2024-01-04,-0.005312497274900681
2024-01-05,9.817267346133986e-05
2024-01-08,0.00367427497886682
2024-01-09,-0.0030476141172546198
2024-01-10,0.0023724017668618797
2024-01-11,-0.00263990581828504
2024-01-12,0.0032817728536495405
2024-01-16,-0.009910560326298721
2024-01-17,-0.0046111974742302
2024-01-18,0.01020488802390588
2024-01-19,0.006398251953702381
2024-01-22,0.0029191510051732373
2024-01-23,-0.0005039436866128406
2024-01-24,0.0006531249522337798
2024-01-25,0.0112739295075152
2024-01-26,0.0008190133077732799
2024-01-29,0.0008195539465692401
2024-01-30,0.00351139456824134
2024-01-31,-0.010176820345628581
2024-02-01,0.00415213188991388
2024-02-02,-0.0014630540306853606
2024-02-05,-0.00122540784046616
2024-02-06,0.00805756869968904
2024-02-07,-0.00017322288346812006
2024-02-08,-0.0004573082871138501
2024-02-09,-0.00281883380111238
2024-02-12,0.0044380511638773
2024-02-13,-0.0088281181290606
2024-02-14,-0.0014889267719756
2024-02-15,0.013397904518114602
2024-02-16,-0.0015856997999113003
2024-02-20,0.006200146858370421
2024-02-21,0.00480915257868662
2024-02-22,0.0086760575766032
2024-02-23,-0.0008544956473493399
2024-02-26,0.0010081123496435405
2024-02-27,0.00150176909494268
2024-02-28,0.0010551289741762
2024-02-29,-0.0021313814043077807
2024-03-01,0.0019209189218830202
2024-03-04,-0.007347316134735439
2024-03-05,0.00142683631095464
2024-03-06,0.0029809827218390808
2024-03-07,-0.0020530647663707
2024-03-08,0.0043243982766610406
2024-03-11,0.0075620381965851805
2024-03-12,0.005263828987713461
2024-03-13,-0.0010068484417708802
2024-03-14,-0.0003523828581160006
2024-03-15,-0.00072730366288458
2024-03-18,0.004403933031693081
2024-03-19,0.00462819717514318
2024-03-20,0.00605886150091526
2024-03-21,-0.0038652152052766372
2024-03-22,-0.00394493807449862
2024-03-25,-0.002445422770948315
2024-03-26,-0.00138996555876626
2024-03-27,0.013695159884707042
2024-03-28,-0.0006410398216062604
2024-04-01,-0.0028421162144617205
2024-04-02,-0.0004287179128668996
2024-04-03,-0.003057321977009661
2024-04-04,-0.0038423693680523802
2024-04-05,0.006529054790197121
2024-04-08,-0.00292450617422886
2024-04-09,0.0021105103869878405
2024-04-10,-0.002217072750569201
2024-04-11,0.0043160822344364
2024-04-12,-0.015082784797822081
2024-04-15,-0.0060132076778363
2024-04-16,-0.012328764809788801
2024-04-17,-0.00271897267401234
2024-04-18,3.5093615934400147e-06
2024-04-19,0.00876231820832962
2024-04-22,0.0097240175826292
2024-04-23,0.00203888972686354
2024-04-24,0.00481463204053826
2024-04-25,0.0006257226121528401
2024-04-26,-0.00721791630399904
2024-04-29,0.008789506444965142
2024-04-30,-0.01353051186360428
2024-05-01,0.0025583919198227194
2024-05-02,0.0058156380030774
2024-05-03,0.009851590101124701
2024-05-06,0.00027861889468274044
2024-05-07,0.00219935218310758
2024-05-08,0.0036596816629133606
2024-05-09,0.010203857814214422
2024-05-10,-0.0006900138166474998
2024-05-13,0.00492021291276758
2024-05-14,0.00363730322986078
2024-05-15,0.006189887762840822
2024-05-16,0.01536727559420736
2024-05-17,0.00779300550687758
2024-05-20,-0.01361475126736494
2024-05-21,0.0070016420666352604
2024-05-22,-0.0034470785174805603
2024-05-23,-0.015233150375082941
2024-05-24,0.005026624396411579
2024-05-28,-0.003220514057297749
2024-05-29,-0.0035052623781267203
2024-05-30,0.00398693597077308
2024-05-31,0.014647233626124141
2024-06-03,-0.002099009741599741
2024-06-04,-0.00296540369246272
2024-06-05,-0.0005498898323575202
2024-06-06,0.0005241341206409199
2024-06-07,0.0005441496932554394
2024-06-10,-0.00023762364888443974
2024-06-11,0.006470159437878041
2024-06-12,-0.002505879073841619
2024-06-13,0.0029490680151974804
2024-06-14,-0.00211681651255904
2024-06-17,0.0055552035548898406
2024-06-18,0.0018805695790376996
2024-06-20,0.005845949215976819
2024-06-21,-0.00521009126640414
2024-06-24,0.012609010216745781
2024-06-25,-0.0062443730848140006
2024-06-26,0.00550038708589102
2024-06-27,0.0008262379389064002
2024-06-28,0.00022785676883300038
2024-07-01,0.00840115292581064
2024-07-02,0.006370041262809161
2024-07-03,0.0020779461619218603
2024-07-05,0.005611448399447921
2024-07-08,-0.0028137674931117003
2024-07-09,0.0037321104662470404
2024-07-10,0.01038739429171104
2024-07-11,-0.00397564205328502
2024-07-12,-0.0011385402441643796
2024-07-15,0.011975739451417021
2024-07-16,0.00866212721808094
2024-07-17,0.011090191581904923
2024-07-18,-0.0105618963948181
2024-07-19,-0.005807527778164141
2024-07-22,-0.00284160797048874
2024-07-23,-0.003925451676116959
2024-07-24,0.0004337847959614005
2024-07-25,0.0059810907732882395
2024-07-26,0.00425087798996036
2024-07-29,-0.006197808300637481
2024-07-30,0.010454471152862362
2024-07-31,-0.0044163040266903
2024-08-01,-0.003626926821287281
2024-08-02,-0.006834665898599402
2024-08-05,-0.023565329796958242
2024-08-06,0.00018572222534237945
2024-08-07,0.0026838697344174003
2024-08-08,0.014703484487107501
2024-08-09,0.00743769907678054
2024-08-12,0.00334349360470176
2024-08-13,-0.00030312502805624093
2024-08-14,0.006138052170067101
2024-08-15,0.01912566212870992
2024-08-16,0.0042155545686217
2024-08-19,0.0028874551042773204
2024-08-20,-0.00409071239897224
2024-08-21,0.0021673430476465
2024-08-22,0.0038294320592614202
2024-08-23,0.008890727843790441
2024-08-26,0.0068257292379566206
2024-08-27,-0.00048343267091506006
2024-08-28,-0.0012546390669457
2024-08-29,0.00778101764559236
2024-08-30,0.005426807372464
2024-09-03,-0.012221008795063801
2024-09-04,-0.004625840515357981
2024-09-05,-0.00528236257000154
2024-09-06,-0.008661915210494201
2024-09-09,0.012924451508648082
2024-09-10,-0.013662694732341421
2024-09-11,-0.0010261145121386798
2024-09-12,0.00410504935878382
2024-09-13,0.0008356035430396202
2024-09-16,0.0023940641237466197
2024-09-17,-0.0003897045630915797
2024-09-18,0.0026474513461300798
2024-09-19,0.008628384206740579
2024-09-20,0.0005487054086584201
2024-09-23,0.004509157456715479
2024-09-24,0.0007157290098564799
2024-09-25,-0.006967295366554681
2024-09-26,-0.00545958179506364
2024-09-27,0.005940373350819765
2024-09-30,0.010583484999366321
2024-10-01,-0.003626246481328801
2024-10-02,0.00031738851576149996
2024-10-03,-0.00205325276238084
2024-10-04,0.012777759380679802
2024-10-07,-0.00941042917793696
2024-10-08,-5.926082759060043e-05
2024-10-09,0.00888905703125868
2024-10-10,-0.0013986288924083801
2024-10-11,0.01075691541055106
2024-10-14,0.00397553459424288
2024-10-15,0.0034961775814544814
2024-10-16,-0.00096491864771284
2024-10-17,-7.835212025822e-05
2024-10-18,0.004565803209563861
2024-10-21,-0.0047306006200214
2024-10-22,0.00526898480531798
2024-10-23,0.0003262296762701404
2024-10-24,-0.00308315517718198
2024-10-25,-0.006497930319020901
2024-10-28,0.005079082484467061
2024-10-29,-0.00920622316278596
2024-10-30,-0.0028160286729800995
2024-10-31,-0.0052647171388664794
2024-11-01,-0.0039472209143479
2024-11-04,0.0009977372657581206
2024-11-05,0.006566180805722081
2024-11-06,0.024698162155934164
2024-11-07,-0.00459740054032836
2024-11-08,0.0009336669875050996
2024-11-11,-0.0035280291071001805
2024-11-12,-0.0012170150146699197
2024-11-13,0.005977143150351181
2024-11-14,-0.0007216555057899202
2024-11-15,0.0002331173458986601
2024-11-18,0.004728920302588559
2024-11-19,-0.00044120884061214
2024-11-20,0.0030627596616392204
2024-11-21,0.011460714496730981
2024-11-22,0.008262880069931661
2024-11-25,-0.0002709211492572007
2024-11-26,0.00230980098352398
2024-11-27,0.0016073029984889002
2024-11-29,0.0033447149306622603
2024-12-02,-0.00102936530337032
2024-12-03,-0.0001866637725675606
2024-12-04,-0.0070957071796187805
2024-12-05,0.00314599495550654
2024-12-06,-0.00018266575075635968
2024-12-09,-0.004349577141225519
2024-12-10,0.0006800646299273002
2024-12-11,-0.00441664460638062
2024-12-12,-0.0030064184687567403
2024-12-13,-0.0016286146067904404
2024-12-16,-0.0046937747376054806
2024-12-17,0.004796038899532681
2024-12-18,-0.020119840839512702
2024-12-19,4.081395628300266e-06
2024-12-20,0.007184825245390281
2024-12-23,-0.0009001891641962197
2024-12-24,0.011728713093179419
2024-12-26,0.0013565490279308
2024-12-27,-0.007451422277824993
2024-12-30,-0.01027539321192366
